object1,object2,time
"[ 1.67520960e+09  4.39697629e+04  6.85047000e+06  0.00000000e+00
 -3.58804910e+05  8.24487596e+05  6.79120155e+06]","[ 1.67520960e+09  4.39641769e+04  6.85062700e+06  1.00000000e+00
 -3.59433594e+05  8.24525822e+05  6.79132203e+06]",1686443200
"[ 1.67520960e+09  4.39734395e+04  6.85016300e+06  0.00000000e+00
  1.78218944e+04 -8.87086495e+05 -6.79245854e+06]","[ 1.67520960e+09  4.39641769e+04  6.85062700e+06  1.00000000e+00
  1.80243183e+04 -8.87479073e+05 -6.79287467e+06]",1702173200
