object1,object2,time
"[ 1.67520960e+09  4.39039091e+04  6.85847400e+06  1.00000000e+00
 -9.43860931e+05 -5.52962469e+06 -3.94601608e+06]","[ 1.67520960e+09  4.39540479e+04  6.85895400e+06  1.00000000e+00
 -9.44079510e+05 -5.53027489e+06 -3.94588691e+06]",1805458700
